time [s],voltage [V],current [A]
0.014957427978515625,0.00107645,-,294.11,0.0
0.487457275390625,0.0010823,-,294.11,0.0
0.9676871299743652,0.00107855,-,294.11,0.0
1.447951316833496,0.0010777,-,294.11,0.0
1.9292984008789062,0.00107619,-,294.11,0.0
2.4146888256073,0.0010732,-,294.11,0.0
2.8887741565704346,0.00108032,-,294.11,0.0
