time [s],voltage [V],current [...],temperature_A [K],setpoint [K]
0.0,1.375855,-0.0076E-06NADC,266.57,265
2.7996902465820312,1.375852,-0.0029E-06NADC,266.56,265
3.81828236579895,1.375852,+0.0001E-06NADC,266.56,265
4.83917236328125,1.375849,+0.0000E-06NADC,266.55,265
5.459635019302368,1.375858,+0.0000E-06NADC,266.55,265
6.079476594924927,1.37586,+0.0001E-06NADC,266.55,265
6.69839072227478,1.37586,+0.0098E-06NADC,266.54,265
7.317727088928223,1.375863,+0.0001E-06NADC,266.54,265
7.938373327255249,1.375863,+0.0003E-06NADC,266.54,265
