time [s],voltage [V],current [A],temperature_A [K],temperature_B [K],setpoint [K]
0.0,+4.36805400E+00,+2.16747E-03,299.26,259.18,299.24
2.7843761444091797,+4.36801300E+00,+2.16745E-03,299.25,259.17,299.23
6.9653730392456055,+4.36798700E+00,+2.16743E-03,299.24,259.16,299.22
9.594160079956055,+4.36796400E+00,+2.16742E-03,299.23,259.16,299.21
12.228846788406372,+4.36793200E+00,+2.16741E-03,299.22,259.15,299.2
15.93182373046875,+4.36789400E+00,+2.16739E-03,299.21,259.14,299.19
