time [s],voltage [V],current [...],temperature_A [K],setpoint [K]
0.0,1.377995,-0.0001E-06NADC,200.0,237.87,0
0.6256027221679688,1.378007,+0.0000E-06NADC,199.96,237.84,0
1.3232388496398926,1.378021,+0.0002E-06NADC,199.93,237.82,0
1.9437413215637207,1.378027,+0.0005E-06NADC,199.89,237.8,0
2.5648155212402344,1.37803,+0.0004E-06NADC,199.85,237.77,0
3.186063051223755,1.378044,-0.0095E-06NADC,199.82,237.75,0
3.803403854370117,1.378059,-0.0001E-06NADC,199.79,237.73,0
4.424353837966919,1.378059,-0.0002E-06NADC,199.75,237.7,0
5.045682430267334,1.378073,+0.0001E-06NADC,199.72,237.68,0
