time [s],voltage [V],current [...],temperature_A [K],setpoint [K]
0.0,1.366622,-0.0007E-06NADC,242.12,240
0.620032787322998,1.366694,+0.0001E-06NADC,241.99,235
6.097018003463745,1.366709,+0.0093E-06NADC,241.96,235
