time [s],voltage [V],current [A],temperature_A [K],temperature_B [K],setpoint [K],heater [%]
0.0,+3.44114300E+00,+1.623572E-03,289.95,284.08,290.0
0.6298604011535645,+3.44113700E+00,+1.623569E-03,289.95,284.07,290.0
1.2503278255462646,+3.44112800E+00,+1.623566E-03,289.95,284.07,290.0
1.8713748455047607,+3.44112300E+00,+1.623562E-03,289.95,284.07,290.0
2.5004796981811523,+3.44111400E+00,+1.623559E-03,289.95,284.06,290.0
3.1330533027648926,+3.44111700E+00,+1.623555E-03,289.95,284.06,290.0
3.7532331943511963,+3.44110500E+00,+1.623553E-03,289.95,284.05,290.0
4.373823404312134,+3.44109600E+00,+1.623549E-03,289.95,284.05,290.0
