time [s],voltage [V],current [...],temperature_A [K],temperature_B [K],setpoint [K]
0.0,+3.45383300E+00,+1.629604E-03,287.24,297.7,290.0
0.6288785934448242,+3.45381900E+00,+1.629590E-03,287.25,297.69,290.0
1.259129524230957,+3.45381600E+00,+1.629597E-03,287.26,297.68,290.0
1.88881516456604,+3.45380400E+00,+1.629593E-03,287.27,297.67,290.0
2.5096356868743896,+3.45380100E+00,+1.629598E-03,287.28,297.66,290.0
