time [s],voltage [V],current [A],temperature_A [K],temperature_B [K],setpoint [K]
0.0,+3.38661500E+00,+1.597815E-03,279.62,270.22,279.61,";
"
0.6376237869262695,+3.38661200E+00,+1.597813E-03,279.62,270.22,279.61,";
"
1.2728826999664307,+3.38660700E+00,+1.597812E-03,279.62,270.22,279.61,";
"
1.8934564590454102,+3.38660700E+00,+1.597801E-03,279.61,270.22,279.61,";
"
2.5123260021209717,+3.38660100E+00,+1.597810E-03,279.61,270.22,279.61,";
"
