time [s],voltage [V],current [A],temperature_A [K],temperature_B [K],setpoint [K],heater [%]
0.0,+3.44081100E+00,+1.623419E-03,289.95,283.87,290.0
0.6285223960876465,+3.44080300E+00,+1.623406E-03,289.95,283.87,290.0
