time [s],voltage [V],current [...],temperature_A [K],setpoint [K]
0.0,1.358916,-0.0000E-06NADC,264.86,260
0.6009471416473389,1.358974,-0.0000E-06NADC,264.86,255
1.2218949794769287,1.359041,-0.0000E-06NADC,264.85,255
